Metric,Value
MAE,0.06877978192520381
RMSE,0.16107723321772396
R² Score,0.004924892316856777
