Metric,Value
MAE,0.06726671672692959
RMSE,0.15533157628797692
R² Score,0.017248458169465408
