Metric,Value
MAE,0.06818076994450536
RMSE,0.15999844970459498
R² Score,0.018208904197769993
